Date,City,PM2.5,PM10,NO2,SO2,CO,O3,Temperature,Humidity,AQI,AQI_Category
2026-01-01,Surat,122.3,45.5,34.8,16.5,2.66,98.0,35.8,39.3,113,Moderate
2026-01-02,Ahmedabad,87.5,46.6,29.7,32.3,0.38,35.8,31.0,62.2,74,Satisfactory
2026-01-03,Vadodara,55.3,169.6,82.8,4.4,2.88,100.8,24.8,42.8,121,Moderate
2026-01-04,Rajkot,173.2,114.1,18.3,9.4,3.01,88.5,34.1,71.5,142,Moderate
2026-01-05,Mumbai,105.8,254.1,44.1,34.9,2.95,90.4,35.2,63.9,152,Moderate
2026-01-06,Surat,132.7,50.1,30.5,20.2,0.56,40.3,20.0,48.9,94,Satisfactory
2026-01-07,Ahmedabad,121.7,120.3,43.3,15.7,1.15,131.8,31.0,65.5,121,Moderate
2026-01-08,Vadodara,47.4,200.4,24.7,25.2,3.47,93.2,29.1,69.2,111,Moderate
2026-01-09,Rajkot,154.9,210.7,30.6,5.8,1.31,44.8,22.2,82.1,136,Moderate
2026-01-10,Mumbai,160.2,109.2,69.0,26.2,3.23,69.7,23.3,47.3,157,Moderate
2026-01-11,Surat,109.8,97.8,62.6,54.3,1.58,38.5,38.0,60.5,120,Moderate
2026-01-12,Ahmedabad,34.5,50.4,19.9,39.1,2.83,64.9,19.3,54.1,72,Satisfactory
2026-01-13,Vadodara,179.4,156.4,97.4,52.2,0.34,103.7,31.6,61.8,171,Moderate
2026-01-14,Rajkot,62.7,181.0,20.0,28.3,1.75,134.0,35.5,48.2,105,Moderate
2026-01-15,Mumbai,100.1,79.3,92.1,52.7,1.26,93.1,30.2,42.6,126,Moderate
2026-01-16,Surat,142.0,158.7,80.1,33.7,0.3,52.1,18.4,81.5,138,Moderate
2026-01-17,Ahmedabad,160.6,223.0,37.7,7.2,3.11,133.1,19.7,59.3,168,Moderate
2026-01-18,Vadodara,31.1,207.3,78.9,11.2,1.82,81.5,23.3,78.6,106,Moderate
2026-01-19,Rajkot,87.7,86.6,58.5,44.9,0.94,50.5,37.9,67.5,100,Satisfactory
2026-01-20,Mumbai,90.1,153.9,20.9,16.6,1.38,86.5,22.6,46.0,101,Moderate
2026-01-21,Surat,31.4,178.8,30.6,54.7,3.05,19.2,22.8,68.4,97,Satisfactory
2026-01-22,Ahmedabad,54.3,69.1,94.2,36.0,1.81,112.0,34.1,44.5,107,Moderate
2026-01-23,Vadodara,35.5,134.8,48.1,30.2,2.63,97.5,37.7,39.9,97,Satisfactory
2026-01-24,Rajkot,84.4,114.6,87.6,17.9,0.91,68.3,26.4,48.9,109,Moderate
2026-01-25,Mumbai,60.0,243.1,49.9,52.2,2.06,16.6,38.0,76.8,120,Moderate
2026-01-26,Surat,175.0,243.8,86.4,13.3,1.85,37.8,26.0,37.9,176,Moderate
2026-01-27,Ahmedabad,80.6,256.8,33.9,47.9,1.76,65.0,37.1,84.8,128,Moderate
2026-01-28,Vadodara,108.9,198.0,23.9,20.6,3.4,85.3,28.8,72.4,136,Moderate
2026-01-29,Rajkot,29.1,168.5,55.3,51.8,0.8,134.9,19.6,44.3,98,Satisfactory
2026-01-30,Mumbai,115.2,188.5,31.2,10.7,3.15,42.0,29.9,66.0,130,Moderate
2026-01-31,Surat,87.1,168.4,57.1,56.3,0.95,103.1,22.8,54.8,124,Moderate
2026-02-01,Ahmedabad,127.5,106.0,38.5,46.1,0.53,69.6,38.0,84.8,114,Moderate
2026-02-02,Vadodara,31.7,86.9,33.9,56.3,3.12,124.3,25.4,42.9,96,Satisfactory
2026-02-03,Rajkot,153.4,194.8,65.1,59.3,2.39,11.0,34.3,50.0,162,Moderate
2026-02-04,Mumbai,126.1,246.6,22.1,10.5,0.64,81.9,23.4,65.2,126,Moderate
2026-02-05,Surat,134.8,84.8,67.1,18.8,1.86,127.7,34.9,39.6,134,Moderate
2026-02-06,Ahmedabad,87.8,100.9,10.3,47.2,2.34,44.1,32.8,62.6,97,Satisfactory
2026-02-07,Vadodara,88.4,42.1,16.8,53.5,3.19,80.9,34.7,64.1,102,Moderate
2026-02-08,Rajkot,43.7,68.0,37.7,54.3,2.85,121.9,36.0,45.5,96,Satisfactory
2026-02-09,Mumbai,59.9,62.6,80.2,53.5,1.6,90.7,21.1,81.5,103,Moderate
2026-02-10,Surat,158.3,254.8,83.0,53.4,0.38,105.8,24.6,81.5,175,Moderate
2026-02-11,Ahmedabad,148.4,230.1,83.0,18.9,2.82,24.1,35.4,77.9,167,Moderate
2026-02-12,Vadodara,55.6,219.6,51.4,21.1,2.85,39.6,18.5,44.7,115,Moderate
2026-02-13,Rajkot,72.5,230.2,97.0,19.6,2.35,62.0,37.6,61.8,139,Moderate
2026-02-14,Mumbai,170.3,65.4,97.3,14.0,3.38,44.5,20.2,56.7,158,Moderate
2026-02-15,Surat,136.6,109.0,64.6,32.6,1.53,85.0,23.1,70.4,134,Moderate
2026-02-16,Ahmedabad,20.3,243.6,58.5,44.3,2.67,97.2,25.3,38.5,118,Moderate
2026-02-17,Vadodara,126.3,112.6,38.3,51.5,2.6,49.0,24.2,55.4,130,Moderate
2026-02-18,Rajkot,84.4,105.0,21.5,27.5,3.31,98.1,36.1,65.8,110,Moderate
2026-02-19,Mumbai,68.2,160.5,10.0,20.1,1.68,85.4,31.1,58.2,92,Satisfactory
2026-02-20,Surat,90.7,87.0,52.6,54.5,2.85,32.1,19.7,60.8,115,Moderate
2026-02-21,Ahmedabad,121.3,113.7,83.7,46.1,2.45,39.2,22.0,36.2,140,Moderate
2026-02-22,Vadodara,59.2,144.5,86.5,8.1,1.63,91.9,21.9,69.8,109,Moderate
2026-02-23,Rajkot,99.1,93.7,69.0,4.3,2.7,110.1,20.1,56.3,121,Moderate
2026-02-24,Mumbai,48.1,250.8,56.6,6.8,1.1,120.3,27.1,75.1,112,Moderate
2026-02-25,Surat,126.8,257.3,63.6,57.2,3.15,89.6,32.4,60.2,176,Moderate
2026-02-26,Ahmedabad,152.9,160.5,90.7,45.6,1.82,43.7,22.9,66.9,161,Moderate
2026-02-27,Vadodara,142.5,154.7,66.4,19.4,0.55,47.1,23.4,51.0,130,Moderate
2026-02-28,Rajkot,106.4,70.4,30.8,42.9,2.56,18.3,26.2,62.1,105,Moderate
2026-03-01,Mumbai,86.5,85.5,47.8,54.7,2.17,100.4,35.1,73.3,114,Moderate
2026-03-02,Surat,80.9,41.3,41.7,46.2,3.03,133.9,26.4,72.4,110,Moderate
2026-03-03,Ahmedabad,107.4,172.7,29.8,16.3,1.69,13.8,24.7,69.0,109,Moderate
2026-03-04,Vadodara,84.7,76.3,52.1,11.1,2.29,13.5,25.9,63.2,93,Satisfactory
2026-03-05,Rajkot,24.3,181.4,22.2,29.9,0.46,59.3,22.2,51.3,70,Satisfactory
2026-03-06,Mumbai,141.8,123.4,77.7,50.6,1.11,20.6,18.4,62.0,137,Moderate
2026-03-07,Surat,180.0,117.0,68.5,47.7,2.39,108.1,37.0,45.0,170,Moderate
2026-03-08,Ahmedabad,23.3,73.5,21.4,41.5,2.1,38.3,32.0,73.3,63,Satisfactory
2026-03-09,Vadodara,46.8,173.6,77.3,10.4,2.92,135.4,20.2,36.3,122,Moderate
2026-03-10,Rajkot,69.9,189.0,96.2,26.2,2.59,19.9,31.8,66.4,129,Moderate
2026-03-11,Mumbai,36.3,209.9,86.5,37.6,0.69,137.9,33.7,52.4,116,Moderate
2026-03-12,Surat,88.5,121.5,55.5,23.1,3.02,116.9,20.1,83.0,125,Moderate
2026-03-13,Ahmedabad,121.7,222.3,73.7,28.4,2.65,135.5,23.4,75.4,165,Moderate
2026-03-14,Vadodara,106.1,146.4,49.2,44.9,1.16,120.7,34.6,39.3,126,Moderate
2026-03-15,Rajkot,161.1,93.6,51.8,38.2,1.51,13.7,35.0,44.1,131,Moderate
2026-03-16,Mumbai,53.9,215.5,40.6,53.3,2.54,45.9,18.2,82.4,116,Moderate
2026-03-17,Surat,33.7,198.4,54.0,46.5,2.51,94.0,27.8,74.6,113,Moderate
2026-03-18,Ahmedabad,34.9,88.8,72.3,21.1,2.16,71.5,28.6,56.3,88,Satisfactory
2026-03-19,Vadodara,139.3,112.8,73.3,19.2,1.1,25.7,21.9,41.0,125,Moderate
2026-03-20,Rajkot,105.7,207.7,26.7,16.1,1.85,104.2,37.5,61.2,126,Moderate
2026-03-21,Mumbai,65.3,62.1,27.5,16.7,0.87,11.8,28.7,48.7,63,Satisfactory
2026-03-22,Surat,175.9,161.7,72.8,11.1,3.08,73.8,35.5,63.7,170,Moderate
2026-03-23,Ahmedabad,95.1,136.9,26.6,6.9,3.31,72.1,34.4,55.0,114,Moderate
2026-03-24,Vadodara,31.9,178.5,14.8,12.4,2.1,49.5,37.9,40.9,78,Satisfactory
2026-03-25,Rajkot,142.3,173.4,81.2,16.6,1.97,68.6,26.9,78.0,152,Moderate
2026-03-26,Mumbai,178.4,107.2,65.9,38.1,2.67,133.2,22.2,45.6,170,Moderate
2026-03-27,Surat,125.7,74.6,25.6,8.2,0.31,68.6,29.9,49.6,92,Satisfactory
2026-03-28,Ahmedabad,57.0,195.5,73.3,29.4,2.5,130.1,33.8,66.3,129,Moderate
2026-03-29,Vadodara,125.8,245.4,48.3,34.5,2.37,128.1,34.5,38.6,161,Moderate
2026-03-30,Rajkot,46.5,107.7,77.4,35.9,1.22,26.2,31.8,70.0,89,Satisfactory
2026-03-31,Mumbai,170.8,150.1,54.4,8.5,0.43,66.2,24.4,47.5,136,Moderate
2026-04-01,Surat,34.6,251.6,85.2,36.2,3.34,139.9,31.4,48.5,143,Moderate
2026-04-02,Ahmedabad,26.4,206.4,52.3,40.5,3.23,33.6,29.7,66.7,107,Moderate
2026-04-03,Vadodara,98.7,60.1,41.3,22.7,2.44,121.5,24.6,69.7,109,Moderate
2026-04-04,Rajkot,66.1,247.9,83.2,34.8,1.76,50.9,24.5,83.5,132,Moderate
2026-04-05,Mumbai,84.7,153.2,98.9,40.8,2.04,63.7,21.8,53.1,134,Moderate
2026-04-06,Surat,141.0,177.6,78.4,15.4,2.06,130.6,26.8,69.9,159,Moderate
2026-04-07,Ahmedabad,39.4,254.1,64.8,17.4,0.81,81.6,29.0,39.7,107,Moderate
2026-04-08,Vadodara,178.8,240.8,51.5,10.6,2.96,74.8,32.3,60.4,177,Moderate
2026-04-09,Rajkot,63.7,223.6,98.2,17.6,2.06,59.9,36.4,60.4,131,Moderate
2026-04-10,Mumbai,160.7,230.1,34.9,48.2,1.63,131.5,28.2,76.0,167,Moderate
